doc,page,fn,nu,a0,a,b0,b,k,time,fun
IMSLP345618,0,ks,0.07470925553890401,0.029526018272532394,0.8247313088088406,0.07676626639579665,2.5848276995481347,1.727165750484871,30.553932,0.07771604814003485
IMSLP345618,1,ks,-0.0019868908764612324,0.05589961015334352,2.1717880370458764,0.06159358473868526,2.6975579392088433,0.6555118311490297,30.728644,0.032579844938387614
IMSLP345618,2,ks,-0.0733911078968569,0.11757967010147338,1.823547326838642,0.12916308592432457,1.99156485551931,1.5051243704026844,30.3425,0.06279500790267345
IMSLP345618,3,ks,-0.13511141971446228,0.20272572056318505,2.529963005747451,0.08649791325908818,0.7960755675958657,2.444611995808282,32.116436,0.07753300871756291
IMSLP345618,4,ks,0.07753637773959099,0.04703627461815101,1.330876949787838,0.01829653438345459,1.0216529701913961,1.9798997369348976,30.394139,0.07227861960786885
IMSLP345618,5,ks,0.001230257217859819,0.10782285834731398,1.469736080216919,0.054887627917212425,2.9759921368408646,0.5099444468645923,31.511118,0.03752979819662611
IMSLP345618,6,ks,-0.010748228756170708,0.0446810220568043,4.20041708074828,0.11116525773230665,2.1921000818740946,1.1296232198979577,31.506479,0.12079828918103297
IMSLP345618,7,ks,0.01032408475443517,0.06695110414713396,1.817448420739687,0.06963584316187121,1.9807643917546616,1.6439238969624523,30.574183,0.049930656856932376
IMSLP345618,8,ks,-0.07137361888707566,0.1010572200329296,4.670374963473254,0.08150945702159043,2.7977026041323563,0.6321861222144372,31.240516,0.07315225692898336
