doc,page,fn,nu,a0,a,b0,b,k,time,fun
IMSLP45469,0,ks,-0.015145339682930147,0.12299209405548911,3.9264766439098935,0.07257922504836412,2.1393168203484336,1.4989728838592256,31.893339,0.05860225230864702
IMSLP45469,1,ks,-0.0024162797298478023,0.11896723988279828,2.030675830396426,0.09313389371552065,0.9504133860378498,1.1583469424866406,30.796419,0.05654540018815135
IMSLP45469,2,ks,-0.022669834980434535,0.05097128210708079,4.004672733608748,0.1191883697374659,1.7786664803360956,1.0717847097390887,31.129302,0.05978250003090613
IMSLP45469,3,ks,-0.00932038306541507,0.053131045226075674,4.431902838164824,0.058994136772304834,0.7859014167556837,0.8262526547967909,29.627263,0.04890961052198628
IMSLP45469,4,ks,-0.05386849537923499,0.06458297613294045,4.0335034343579705,0.0907640723393831,6.215947583703002,1.5941027255357882,30.682624,0.05256460147866138
IMSLP45469,5,ks,0.003309738529722892,0.05469276607470733,2.006778340389703,0.05266248781324441,4.215445856088698,1.6388902020788416,31.447492,0.06182164118909533
IMSLP45469,6,ks,0.08845018804118679,0.08807872820004867,1.9063610480311661,0.06086826333155567,1.7910493213545133,1.998607539188466,31.418104,0.07372135857863321
