doc,page,fn,nu,a0,a,b0,b,k,time,fun
IMSLP51743,0,ks,0.11652378186016804,0.08784056659601377,0.6364600232657256,0.10487257051545407,1.3634537659766326,1.566823913320551,31.379054,0.09773754570385129
IMSLP51743,1,ks,-0.20853645426881773,0.050266635627143674,1.418214169473548,0.11487960586476226,2.986033178524373,2.546444888589096,31.964709,0.07963992879551732
IMSLP51743,2,ks,0.03463945618358285,0.01627075738348741,0.6986120101792785,0.04344898885618413,0.908380841696788,1.7670291754426282,29.443708,0.2549208625520508
IMSLP51743,3,ks,-0.09975728343108305,0.013253754284853259,5.371585163399523,0.06617216913793961,1.0488714275143498,1.6968121920231756,32.180843,0.08651072026112855
IMSLP51743,4,ks,-0.019713909819774132,0.09487983672106581,1.3882175179319949,0.04137529528326353,2.5219698566621878,1.7137468862239962,29.130304,0.0987536653643179
IMSLP51743,5,ks,-0.02188447969778455,0.0441536571503639,2.3883605115660806,0.07739340502205447,2.8207394076984746,2.7011288417743287,31.563563,0.08289452879192463
IMSLP51743,6,ks,0.09635700774333245,0.03001371469617896,1.364871732132419,0.04826348255797022,0.9231615619520065,1.6763797790961543,31.14821,0.08480845311858531
IMSLP51743,7,ks,-0.010651537478764858,0.126831577016597,4.115315793433524,0.09445702098687003,1.0957329882391202,1.7348460014069493,30.871608,0.10819724348553958
