doc,page,fn,nu,a0,a,b0,b,k,time,fun
IMSLP03862-Beethoven_-_Piano_Sonatas_Lamond_-_7.3,0,ks,0.0002566251054071546,0.05298665485039876,1.9017452820976346,0.07109342161870986,0.9161041156908676,0.4978803657849993,38.249464,12.22844128140062
IMSLP03862-Beethoven_-_Piano_Sonatas_Lamond_-_7.3,0,m,-0.0073266768102436455,0.024949210600624917,1.6467844737745176,0.06555751171498231,1.538217310333325,1.0339975109566315,37.197921,31.61236923565828
IMSLP03862-Beethoven_-_Piano_Sonatas_Lamond_-_7.3,1,ks,0.022509621064374923,0.02792322796038741,3.0070986253753516,0.023507984914797768,2.5559544841658157,0.2911012014926785,38.015359,88.46145287390529
IMSLP03862-Beethoven_-_Piano_Sonatas_Lamond_-_7.3,1,m,-0.0045559797849460855,0.13558079289365232,4.102813537192957,0.07601742404086846,2.7948998846523745,0.6443672000533094,37.584752,32.46884718345308
