doc,page,fn,nu,a0,a,b0,b,k,time,fun
IMSLP03850-Beethoven_-_Piano_Sonatas_Lamond_-_3.2,0,ks,0.0041796420394544466,0.09765318931048766,1.9540227628702287,0.06536021974818622,1.6062136891992917,1.496618146978385,39.186449,41.449349210081344
IMSLP03850-Beethoven_-_Piano_Sonatas_Lamond_-_3.2,0,m,0.05567340544589796,0.041580723559515545,0.6836554960694595,0.0378388192402854,2.0907133558974538,1.6620916120334077,37.916107,96.59488089117217
IMSLP03850-Beethoven_-_Piano_Sonatas_Lamond_-_3.2,1,ks,-0.01079308463030119,0.15965279376606453,0.8567383629145425,0.10921001792597063,0.530259777966297,0.30240347460341493,37.100678,15.502635304736248
IMSLP03850-Beethoven_-_Piano_Sonatas_Lamond_-_3.2,1,m,-0.000613758842720441,0.06528533593001674,1.4819605930702187,0.05857092533007775,2.7475145721518652,1.9095037492832603,38.717896,43.542729186115054
IMSLP03850-Beethoven_-_Piano_Sonatas_Lamond_-_3.2,2,ks,-0.0007396749598756115,0.0469160705284863,1.3434346411332934,0.03756317726626349,1.417796994035981,0.47186149484028295,38.313962,12.305817347283059
IMSLP03850-Beethoven_-_Piano_Sonatas_Lamond_-_3.2,2,m,-0.008237668975884559,0.0364695925299265,2.8315889594012376,0.11577420554574139,2.6506277690406987,0.11821542096754542,38.979763,12.438746382378271
IMSLP03850-Beethoven_-_Piano_Sonatas_Lamond_-_3.2,3,ks,-0.011750365596019404,0.022909524363493264,3.1681220447273692,0.11170434808759791,0.9919291753118693,0.046734539202511784,36.905482,14.10727608675505
IMSLP03850-Beethoven_-_Piano_Sonatas_Lamond_-_3.2,3,m,-0.00455792594046584,0.06767213253128057,0.8800317102573613,0.13560849688693555,3.5004116985046583,1.3882437088721817,38.362909,31.835215924387377
