doc,page,fn,nu,a0,a,b0,b,k,time,fun
IMSLP66408,0,ks,0.002823657955435133,0.033838119273678635,2.7935922479902793,0.08682982429954014,2.8191853924734405,1.6700727980032912,32.664199,0.06871674474051509
IMSLP66408,1,ks,0.09892181198675268,0.03493745777170389,1.0534490490061854,0.0430369161999235,2.7336263770641267,1.6646090918318575,32.681033,0.08803943108281997
IMSLP66408,2,ks,0.09797987836224925,0.018132278181735212,2.1592817914325466,0.026926165932480657,1.8570233023242442,1.8322030713664392,30.816181,0.08782479577018953
IMSLP66408,3,ks,-0.04289559345906212,0.11511827936829394,2.3728106606792307,0.0727715374362405,3.2304929313290183,1.5483107526506856,30.930591,0.05285317980016413
IMSLP66408,4,ks,0.005214014430940168,0.071085248192367,1.4806643868329958,0.018203512214939856,0.6349503510660051,1.9092530388900126,32.790227,0.04908771217300889
IMSLP66408,5,ks,-0.20359624064237755,0.10380353810652476,2.250892680398726,0.03411625396601674,5.3967308179718785,1.6361726922782456,31.307372,0.0681148439604008
IMSLP66408,6,ks,-0.03407333253339004,0.11243475664160105,3.6614604449989328,0.051866777393700436,4.912501939389171,1.6917522008196646,31.438606,0.09572199831752803
IMSLP66408,7,ks,0.0061872201784367005,0.0231749218280604,1.6931621417616463,0.030151237944667904,0.9292768341405657,2.4423145189227764,31.072371,0.0547111824302656
