doc,page,fn,nu,a0,a,b0,b,k,time,fun
IMSLP03853-Beethoven_-_Piano_Sonatas_Lamond_-_2.2,0,ks,-0.02073869760182865,0.08786012095366943,0.8785565002670845,0.10150508709023191,4.046539877834305,0.7331100929901615,38.839524,32.59760515569141
IMSLP03853-Beethoven_-_Piano_Sonatas_Lamond_-_2.2,0,m,-0.007226356011324287,0.01995121950086263,3.240072467883639,0.02554356696114419,3.1384809615358087,0.7980064254540129,38.513425,32.96681691667739
IMSLP03853-Beethoven_-_Piano_Sonatas_Lamond_-_2.2,1,ks,-0.0015063930975444326,0.05063613371263734,3.343094878785598,0.06740214013379289,2.1519570343509873,1.2689312881234542,39.008009,32.45892194630662
IMSLP03853-Beethoven_-_Piano_Sonatas_Lamond_-_2.2,1,m,0.0026840453617965054,0.06892201460014835,1.5724322189968722,0.05341549567055209,2.5423667221469035,0.4946829629513123,37.667544,22.616108973554653
IMSLP03853-Beethoven_-_Piano_Sonatas_Lamond_-_2.2,2,ks,-0.0037620325784425796,0.04205644744532913,2.1750025658956638,0.04477679644229747,0.927935747286752,0.49729966173270457,37.39378,11.963345310104572
IMSLP03853-Beethoven_-_Piano_Sonatas_Lamond_-_2.2,2,m,-0.019474952735037646,0.11087335365583045,5.852129289256034,0.11298676190088652,2.4724025732749,0.5444458443281259,37.819268,32.92863472017433
IMSLP03853-Beethoven_-_Piano_Sonatas_Lamond_-_2.2,3,ks,-0.0060852734320246335,0.1311023706765859,4.1211933173612705,0.014014763263202777,1.226414152175788,0.4667540817846373,38.269019,12.264977947074795
IMSLP03853-Beethoven_-_Piano_Sonatas_Lamond_-_2.2,3,m,-0.010003332868670115,0.0860755482943659,2.3224549195537634,0.06581848578620969,1.3023210337494433,0.062466806304518174,38.147881,12.287243044071003
