doc,page,fn,nu,a0,a,b0,b,k,time,fun
IMSLP45370,0,ks,0.1017957184203313,0.09457753022924964,2.7174303124867762,0.027745842920839644,1.5076744499306387,1.6314775775705392,31.928191,0.07045701632066126
IMSLP45370,1,ks,0.10533937816998759,0.07470641006753723,1.7883492606573776,0.07548624587899427,1.6987839455361882,1.7664850896561557,30.254807,0.0835714089763736
IMSLP45370,2,ks,0.10933433054675978,0.022595965475593786,0.9479013820830431,0.07033846505254256,0.8082830378794059,1.5690313655057588,30.542019,0.07859934664311552
IMSLP45370,3,ks,0.08753699401700395,0.032469401288631926,1.1068422998637006,0.07577712754284777,1.9997503982247342,1.5715169351889073,32.611386,0.07686459189005396
IMSLP45370,4,ks,-0.039458490004314235,0.03714568655501809,2.9649540081265338,0.034022685619263936,0.11870517884630105,2.4253679042964733,31.179345,0.06736529120232482
IMSLP45370,5,ks,0.0027520795014082163,0.02685364734732492,2.892264774141331,0.05514412702964804,0.9524744940222631,1.6516852679909022,31.210148,0.03904211305138655
IMSLP45370,6,ks,0.085870997287771,0.028353222093485776,3.8296778982093924,0.04441861388823694,0.9084539940622129,1.7825286338927824,30.550374,0.07684971462246426
IMSLP45370,7,ks,-0.06659179074883753,0.14829432925173314,2.416811072466218,0.014888953980295418,4.049214572227311,2.085161033156304,30.77788,0.06122540699033052
